City_ID,City,Lat,Lng,Max Temp,Humidity,Cloudiness,Wind Speed,Country,Date
0,kutna hora,49.9484,15.2682,5.91,81,100,5.36,CZ,1670192227
1,healdsburg,38.6105,-122.8692,15.11,76,75,3.6,US,1670192228
2,batemans bay,-35.7167,150.1833,25.67,48,31,1.37,AU,1670192228
3,rikitea,-23.1203,-134.9692,23.93,82,69,6.07,PF,1670192229
4,talnakh,69.4865,88.3972,-6.55,97,100,3.12,RU,1670192229
5,clyde river,70.4692,-68.5914,-14.87,85,100,11.83,CA,1670192230
6,gat,31.61,34.7642,16.33,65,0,2.31,IL,1670192230
7,erzin,36.9559,36.2,13.95,56,3,1.54,TR,1670192230
8,luderitz,-26.6481,15.1594,16.26,68,3,8.46,NA,1670192231
9,daru,-9.0763,143.2092,28.04,68,87,1.52,PG,1670192231
10,bredasdorp,-34.5322,20.0403,14.45,69,86,1.61,ZA,1670192232
11,valparaiso,-33.0393,-71.6273,26.13,74,0,6.69,CL,1670192130
12,yellowknife,62.456,-114.3525,-19.71,65,75,5.66,CA,1670192232
13,butaritari,3.0707,172.7902,26.9,80,29,5.49,KI,1670192119
14,lebu,-37.6167,-73.65,15.55,75,0,6.02,CL,1670192233
15,vila franca do campo,37.7167,-25.4333,14.55,80,31,3.33,PT,1670192234
16,jamestown,42.097,-79.2353,0.77,48,0,4.12,US,1670192130
17,sobolevo,54.4299,31.8996,-9.66,87,100,4.34,RU,1670192234
18,saldanha,-33.0117,17.9442,14.03,79,1,7.59,ZA,1670192235
19,severo-kurilsk,50.6789,156.125,-4.49,60,84,11.29,RU,1670192235
20,mount gambier,-37.8333,140.7667,13.21,77,100,5.33,AU,1670192235
21,colesberg,-30.72,25.0972,20.11,21,100,4.41,ZA,1670192236
22,san cristobal,7.7669,-72.225,22.1,80,76,1.99,VE,1670192236
23,george town,5.4112,100.3354,26.96,88,40,1.54,MY,1670192101
24,mataura,-46.1927,168.8643,10.27,69,100,1.47,NZ,1670192237
25,ushuaia,-54.8,-68.3,9.79,66,40,7.72,AR,1670192238
26,dengzhou,37.8086,120.7508,2.04,52,44,4.74,CN,1670192238
27,ukiah,39.1502,-123.2078,12.98,83,100,3.09,US,1670192043
28,port alfred,-33.5906,26.891,18.43,89,100,5.97,ZA,1670192239
29,iqaluit,63.7506,-68.5145,-2.15,100,100,7.72,CA,1670192013
30,sri aman,1.2376,111.4621,24.03,94,100,0.0,MY,1670192240
31,tigil,57.8,158.6667,-17.34,96,100,2.24,RU,1670192240
32,bell ville,-32.6259,-62.6887,36.0,12,3,3.75,AR,1670192241
33,huaidian,33.4333,115.0333,1.12,49,62,0.91,CN,1670192241
34,anadyr,64.75,177.4833,-11.72,84,20,11.0,RU,1670192241
35,cabo san lucas,22.8909,-109.9124,29.61,61,0,0.0,MX,1670192073
36,bengkulu,-3.8004,102.2655,23.51,90,100,1.51,ID,1670192242
37,mahebourg,-20.4081,57.7,25.16,78,40,3.6,MU,1670192155
38,ponta do sol,32.6667,-17.1,18.34,85,99,8.59,PT,1670192243
39,tuktoyaktuk,69.4541,-133.0374,-27.0,83,20,4.63,CA,1670192243
40,luanda,-8.8368,13.2343,24.95,82,100,2.3,AO,1670192243
41,bluff,-46.6,168.3333,10.45,66,100,3.96,NZ,1670192244
42,touros,-5.1989,-35.4608,26.09,74,76,6.44,BR,1670192245
43,aberdeen,57.1437,-2.0981,5.27,91,75,3.6,GB,1670192246
44,avarua,-21.2078,-159.775,28.03,83,100,4.12,CK,1670192246
45,agboville,5.928,-4.2132,24.0,93,54,1.15,CI,1670192247
46,chapais,49.7834,-74.8492,-11.12,95,100,3.99,CA,1670192247
47,punta arenas,-53.15,-70.9167,8.06,71,75,13.38,CL,1670192164
48,atuona,-9.8,-139.0333,25.06,81,14,7.22,PF,1670192118
49,sirsi,14.6167,74.85,21.27,69,91,2.32,IN,1670191781
50,khatanga,71.9667,102.5,-18.31,90,100,3.7,RU,1670192248
51,arraial do cabo,-22.9661,-42.0278,23.92,78,0,7.2,BR,1670192248
52,sitka,57.0531,-135.33,1.94,75,0,2.57,US,1670192249
53,salihorsk,52.7876,27.5415,-6.38,82,100,5.58,BY,1670192249
54,turukhansk,65.8167,87.9833,-14.0,96,100,4.19,RU,1670192249
55,pevek,69.7008,170.3133,-16.46,94,100,5.29,RU,1670192250
56,ngama,11.7833,17.1667,23.81,16,34,4.22,TD,1670192250
57,matagami,49.7502,-77.6328,-9.94,92,40,2.57,CA,1670192251
58,kapaa,22.0752,-159.319,28.18,72,40,5.14,US,1670192252
59,anloga,5.7947,0.8973,27.41,82,66,5.63,GH,1670192252
60,longyearbyen,78.2186,15.6401,-0.09,93,100,2.06,SJ,1670192253
61,albany,42.6001,-73.9662,1.47,68,87,1.51,US,1670192042
62,esperance,-33.8667,121.9,16.02,83,93,5.5,AU,1670192254
63,port hardy,50.6996,-127.4199,2.1,80,20,1.03,CA,1670192140
64,provideniya,64.3833,-173.3,1.06,93,100,10.0,RU,1670192254
65,busselton,-33.65,115.3333,15.66,69,100,5.8,AU,1670192255
66,hobart,-42.8794,147.3294,12.92,94,75,9.77,AU,1670192079
67,leningradskiy,69.3833,178.4167,-12.8,90,100,2.48,RU,1670192255
68,bambous virieux,-20.3428,57.7575,25.14,78,40,3.6,MU,1670192256
69,vaini,-21.2,-175.2,26.09,89,75,5.14,TO,1670192256
70,cape town,-33.9258,18.4232,17.37,64,0,6.17,ZA,1670192256
71,cabra,37.4725,-4.4421,11.93,73,90,2.11,ES,1670192257
72,port-cartier,50.0334,-66.8654,-5.18,82,11,4.27,CA,1670192257
73,nikolskoye,59.7035,30.7861,-4.06,95,100,3.45,RU,1670192258
74,skelleftea,64.7507,20.9528,-5.8,100,100,2.06,SE,1670192258
75,karratha,-20.7377,116.8463,27.76,46,1,4.36,AU,1670192259
76,tuatapere,-46.1333,167.6833,12.42,78,100,1.24,NZ,1670192259
77,marawi,7.9986,124.2928,20.06,93,97,0.82,PH,1670192260
78,qaanaaq,77.484,-69.3632,-20.9,66,32,3.81,GL,1670192260
79,palu,-0.8917,119.8707,23.69,93,97,1.31,ID,1670192261
80,villa carlos paz,-31.4241,-64.4978,35.22,15,6,3.58,AR,1670192261
81,paita,-5.0892,-81.1144,21.04,76,10,7.16,PE,1670192262
82,isla mujeres,21.2311,-86.731,26.03,62,7,5.52,MX,1670192262
83,coahuayana,18.7333,-103.6833,30.46,59,6,2.65,MX,1670192263
84,hilo,19.7297,-155.09,26.45,76,100,2.57,US,1670192075
85,rach gia,10.0167,105.0833,24.45,90,97,4.76,VN,1670192263
86,juneau,58.3019,-134.4197,-0.44,80,20,1.54,US,1670192138
87,chara,56.9064,118.2631,-19.13,77,100,2.86,RU,1670192265
88,te anau,-45.4167,167.7167,14.14,82,93,2.38,NZ,1670192266
89,bressuire,46.9167,-0.5,4.04,85,92,1.41,FR,1670192267
90,makakilo city,21.3469,-158.0858,26.91,63,75,4.63,US,1670192267
91,gunjur,13.2019,-16.7339,23.04,88,100,2.57,GM,1670192268
92,palana,59.1167,159.9667,-12.67,80,100,3.69,RU,1670192268
93,petropavlovsk-kamchatskiy,53.0452,158.6483,-15.67,61,0,3.0,RU,1670192268
94,hovd,48.0056,91.6419,-17.45,81,100,0.74,MN,1670192269
95,hermanus,-34.4187,19.2345,11.56,73,58,2.29,ZA,1670192269
96,mizdah,31.4451,12.9801,16.54,25,10,2.48,LY,1670192147
97,salekhard,66.53,66.6019,-10.57,89,72,3.01,RU,1670192070
98,ostrovnoy,68.0531,39.5131,-5.59,89,97,6.46,RU,1670192270
99,truro,50.2653,-5.0544,6.42,87,0,5.14,GB,1670192271
100,corinto,37.9407,22.9573,14.38,78,78,1.77,GR,1670192247
101,portland,45.5234,-122.6762,2.47,92,100,3.58,US,1670191904
102,acapulco,16.8634,-99.8901,29.9,66,0,5.14,MX,1670192032
103,williams lake,52.1415,-122.1445,-11.24,84,100,2.57,CA,1670192272
104,klaksvik,62.2266,-6.589,4.51,76,72,5.99,FO,1670192272
105,sarakhs,36.5449,61.1577,2.97,45,99,3.53,IR,1670192273
106,ixtapa,20.7,-105.2,26.57,78,0,4.12,MX,1670192273
107,bud,39.447,-86.1758,4.01,38,2,2.88,US,1670192273
108,aklavik,68.2191,-135.0107,-24.51,99,99,3.51,CA,1670192274
109,yilan,24.757,121.753,20.51,94,100,1.92,TW,1670192275
110,kununurra,-15.7667,128.7333,26.99,89,100,0.0,AU,1670192276
111,saint george,37.1041,-113.5841,17.19,44,0,0.45,US,1670192276
112,verkhnevilyuysk,63.4453,120.3167,-14.46,89,100,7.08,RU,1670192277
113,ayan,56.45,138.1667,-16.21,63,100,5.41,RU,1670192277
114,martapura,-3.4167,114.85,25.05,100,40,2.57,ID,1670192277
115,hasaki,35.7333,140.8333,8.22,73,100,9.91,JP,1670192278
116,tarakan,3.3,117.6333,25.18,87,85,2.28,ID,1670192278
117,saint-philippe,-21.3585,55.7679,22.77,83,78,3.82,RE,1670192279
118,san quintin,30.4833,-115.95,18.43,71,100,6.07,MX,1670192279
119,champerico,14.3,-91.9167,29.3,72,0,2.98,GT,1670192280
120,kavieng,-2.5744,150.7967,26.43,83,100,4.86,PG,1670192280
121,ginir,7.1333,40.7,13.62,48,34,2.43,ET,1670192281
122,novyy urengoy,66.0833,76.6333,-4.04,94,100,6.27,RU,1670192281
123,tessalit,20.1986,1.0114,25.32,16,92,3.7,ML,1670192281
124,dikson,73.5069,80.5464,-1.61,85,100,9.86,RU,1670192282
125,namibe,-15.1961,12.1522,21.08,83,93,4.1,AO,1670192283
126,hithadhoo,-0.6,73.0833,27.66,76,100,4.77,MV,1670192283
127,honiara,-9.4333,159.95,27.15,83,100,2.56,SB,1670192284
128,plettenberg bay,-34.0527,23.3716,14.16,85,47,2.88,ZA,1670192284
129,ribeira grande,38.5167,-28.7,14.32,77,100,1.34,PT,1670192285
130,chushan,33.2955,113.6528,0.51,44,36,0.97,CN,1670192285
131,ranot,7.7777,100.3213,24.72,94,100,7.8,TH,1670192286
132,port-gentil,-0.7193,8.7815,25.98,94,20,2.06,GA,1670192286
133,datong,40.0936,113.2914,-9.21,34,0,0.87,CN,1670192286
134,caravelas,-17.7125,-39.2481,23.52,74,100,3.88,BR,1670192287
135,stabat,3.761,98.4513,24.11,97,97,0.96,ID,1670192288
136,naze,28.3667,129.4833,19.51,87,81,6.12,JP,1670192288
137,puerto ayora,-0.7393,-90.3518,25.98,88,75,2.68,EC,1670192289
138,bethel,41.3712,-73.414,4.72,58,0,0.0,US,1670192289
139,bandarbeyla,9.4942,50.8122,24.92,68,38,8.06,SO,1670192290
140,palmer,42.1584,-72.3287,3.03,59,75,2.06,US,1670192290
141,yulara,-25.2406,130.9889,28.87,17,1,5.52,AU,1670192290
142,coihaique,-45.5752,-72.0662,13.34,71,100,1.54,CL,1670191936
143,brora,58.0099,-3.8518,3.36,72,90,6.24,GB,1670192291
144,gasa,31.5,34.4667,19.08,67,0,4.2,PS,1670192192
145,codrington,-38.2667,141.9667,13.12,82,100,8.28,AU,1670192292
146,barrow,71.2906,-156.7887,-5.99,86,100,9.77,US,1670192292
147,wamba,8.9333,8.6,25.4,29,1,2.05,NG,1670192293
148,norman wells,65.282,-126.8329,-21.98,77,20,1.03,CA,1670192293
149,kirakira,-10.4544,161.9205,27.51,80,100,3.91,SB,1670192294
150,abnub,27.2696,31.1511,15.97,58,0,4.15,EG,1670192294
151,sault sainte marie,46.5168,-84.3333,-1.69,74,100,4.63,CA,1670192103
152,mount isa,-20.7333,139.5,28.87,28,0,2.57,AU,1670192295
153,hargeysa,9.56,44.065,15.29,64,30,4.14,SO,1670192295
154,chuy,-33.6971,-53.4616,20.82,82,8,3.82,UY,1670192295
155,faya,18.3851,42.4509,12.06,80,1,1.29,SA,1670192296
156,miami beach,25.7906,-80.1301,26.12,63,20,4.12,US,1670191563
157,broken hill,-31.95,141.4333,21.44,39,99,6.99,AU,1670192297
158,talaya,61.3833,152.75,-32.5,99,100,0.18,RU,1670192297
159,yurty,56.0498,97.6348,-20.2,95,61,1.84,RU,1670192298
160,pucallpa,-8.3791,-74.5539,30.02,58,20,3.09,PE,1670192298
161,russell,32.3502,-85.1999,19.11,72,0,3.09,US,1670192140
162,casma,-41.0082,-73.1244,19.6,52,96,1.34,CL,1670192299
163,faanui,-16.4833,-151.75,26.74,77,13,6.74,PF,1670192299
164,masty,53.4122,24.5387,-3.73,91,98,6.52,BY,1670192300
165,ancud,-41.8697,-73.8203,13.75,85,99,5.54,CL,1670192300
166,teya,60.3778,92.6267,-21.85,99,100,1.65,RU,1670192301
167,never,46.9896,3.159,2.86,95,100,2.32,FR,1670192301
168,nizhniy odes,63.6445,54.856,-23.21,100,44,0.47,RU,1670192301
169,new norfolk,-42.7826,147.0587,12.72,71,100,1.79,AU,1670192302
170,jiangyou,31.7667,104.7167,4.71,91,8,0.17,CN,1670192303
171,lorengau,-2.0226,147.2712,26.88,82,100,2.13,PG,1670192304
172,vestmannaeyjar,63.4427,-20.2734,2.55,93,20,6.17,IS,1670192304
173,linxia,35.6003,103.2064,-5.48,55,0,0.53,CN,1670192305
174,filingue,14.3521,3.3168,27.96,20,13,3.75,NE,1670192305
175,zemio,5.0314,25.1361,23.15,48,93,1.1,CF,1670192305
176,sabha,27.0377,14.4283,19.85,22,1,4.47,LY,1670192306
177,ginda,30.6945,78.4932,6.99,18,0,3.15,IN,1670192306
178,lobito,-12.3481,13.5456,24.68,83,100,0.67,AO,1670192307
179,saskylakh,71.9167,114.0833,-23.21,97,100,7.67,RU,1670192307
180,sananduva,-27.9497,-51.8067,21.38,89,62,1.42,BR,1670192308
181,thompson,55.7435,-97.8558,-26.91,76,20,3.09,CA,1670192140
182,nalut,30.3333,10.85,17.72,23,2,3.93,LY,1670192308
183,qarchi gak,37.04,66.7889,3.86,41,100,8.11,AF,1670192309
184,frontera,26.9333,-101.45,21.29,73,0,2.68,MX,1670191876
185,saint anthony,45.0205,-93.218,1.13,57,0,5.14,US,1670192310
186,tautira,-17.7333,-149.15,26.15,79,37,7.15,PF,1670192310
187,saveh,35.0213,50.3566,3.96,56,100,2.23,IR,1670192311
188,fallon,39.4735,-118.7774,10.93,40,40,9.26,US,1670192311
189,waipawa,-41.4122,175.5153,14.53,81,48,2.9,NZ,1670192311
190,carnarvon,-24.8667,113.6333,20.77,79,41,7.4,AU,1670192312
191,grand gaube,-20.0064,57.6608,25.22,70,60,0.89,MU,1670192313
192,waunakee,43.1919,-89.4557,2.71,55,0,5.14,US,1670192025
193,kajiado,-1.8524,36.7768,14.29,91,75,4.31,KE,1670192314
194,taraza,7.5836,-75.4007,25.53,93,52,0.73,CO,1670192314
195,san fernando,15.0286,120.6898,25.85,77,100,1.86,PH,1670192314
196,tasiilaq,65.6145,-37.6368,-2.91,65,5,1.45,GL,1670192315
197,camopi,3.1655,-52.3158,22.67,97,100,1.15,GF,1670192315
198,ileza,61.0533,43.9002,-13.88,92,38,2.18,RU,1670192316
199,zhigansk,66.7697,123.3711,-26.58,97,100,2.16,RU,1670192316
200,segou,13.4317,-6.2157,29.06,40,98,2.7,ML,1670192316
201,joao pessoa,-7.115,-34.8631,26.13,78,20,4.12,BR,1670192170
202,meadow lake,34.8014,-106.5436,12.6,90,100,0.72,US,1670192317
203,wanning,18.8003,110.3967,22.16,90,93,6.44,CN,1670192317
204,ballina,-28.8667,153.5667,22.66,84,55,3.99,AU,1670192318
205,kodiak,57.79,-152.4072,2.73,87,100,2.06,US,1670192318
206,kahului,20.8947,-156.47,29.01,59,20,6.17,US,1670192319
207,port elizabeth,-33.918,25.5701,16.72,97,100,3.09,ZA,1670192319
208,cayenne,4.9333,-52.3333,25.02,94,0,0.0,GF,1670192118
209,deniliquin,-35.5333,144.9667,19.77,54,100,6.26,AU,1670192320
210,cascais,38.6979,-9.4215,14.41,88,100,3.58,PT,1670192320
211,tahta,26.7693,31.5021,16.24,48,74,4.73,EG,1670192321
212,norfolk,42.1668,-71.2495,4.23,61,20,1.54,US,1670192321
213,kismayo,-0.3582,42.5454,25.82,82,20,4.26,SO,1670192322
214,totness,5.8833,-56.3167,23.13,94,100,0.41,SR,1670192322
215,castro,-24.7911,-50.0119,19.05,96,100,1.94,BR,1670192322
216,ipira,-12.1583,-39.7372,21.63,91,77,5.45,BR,1670192323
217,kungurtug,50.5994,97.5228,-26.03,94,100,0.73,RU,1670192324
218,victoria,22.2855,114.1577,18.47,77,100,8.05,HK,1670191926
219,gamba,-2.65,10.0,24.97,89,100,2.49,GA,1670192324
220,georgetown,5.4112,100.3354,26.8,90,20,3.6,MY,1670192325
221,manali,13.1667,80.2667,28.05,77,18,3.79,IN,1670192325
222,port lincoln,-34.7333,135.8667,15.78,65,100,7.45,AU,1670192140
223,mathathane,-22.2687,28.7495,26.85,52,1,6.02,BW,1670192326
224,sembakung,3.8167,117.25,22.2,99,54,0.7,ID,1670192326
225,lahij,13.1667,44.5833,20.83,84,42,1.48,YE,1670192326
226,deputatskiy,69.3,139.9,-26.64,97,100,1.52,RU,1670192327
227,san borja,-14.8167,-66.85,32.22,41,58,2.02,BO,1670192327
228,huttwil,47.115,7.8621,2.6,95,69,1.77,CH,1670192328
229,koungou,-12.7336,45.2042,26.84,78,20,3.09,YT,1670192328
230,amboasary,-25.0333,46.3833,24.06,77,99,1.5,MG,1670192329
231,fayaoue,-20.65,166.5333,25.21,88,100,5.32,NC,1670192329
232,saint-joseph,-21.3667,55.6167,22.21,82,71,3.56,RE,1670192330
233,lisakovsk,52.5369,62.4936,-11.67,96,100,2.03,KZ,1670192330
234,kavaratti,10.5669,72.642,27.08,79,90,3.06,IN,1670192331
235,belmonte,-15.8631,-38.8828,23.56,84,100,4.52,BR,1670192331
236,sambava,-14.2667,50.1667,23.59,87,77,3.08,MG,1670192331
237,igarka,67.4667,86.5833,-4.48,92,100,6.76,RU,1670192332
238,richards bay,-28.783,32.0377,22.16,90,100,3.51,ZA,1670192332
239,tual,-5.6667,132.75,27.89,73,96,0.52,ID,1670192333
240,noumea,-22.2763,166.4572,29.99,99,100,0.98,NC,1670192254
241,ambovombe,-25.1667,46.0833,23.73,81,99,1.54,MG,1670192334
242,praia da vitoria,38.7333,-27.0667,15.14,77,20,4.46,PT,1670192334
243,antofagasta,-23.65,-70.4,18.6,68,7,2.2,CL,1670192164
244,bubaque,11.2833,-15.8333,26.81,66,96,5.55,GW,1670192335
245,porto santo,33.072,-16.3415,17.21,72,20,8.23,PT,1670192335
246,jalu,29.0331,21.5482,16.17,50,5,4.3,LY,1670192335
247,sibiti,-3.6819,13.3499,20.92,93,97,0.32,CG,1670192336
248,nuuk,64.1835,-51.7216,-0.07,74,100,12.96,GL,1670192336
249,mahesana,23.6,72.4,16.31,34,0,2.86,IN,1670192337
250,taltal,-25.4,-70.4833,19.85,66,23,2.05,CL,1670192337
251,torbay,47.6666,-52.7314,2.54,87,75,10.8,CA,1670192338
252,clemson,34.6834,-82.8374,13.02,83,40,0.0,US,1670192172
253,labuan,5.2767,115.2417,25.2,94,20,0.0,MY,1670192339
254,geraldton,-28.7667,114.6,18.23,88,6,4.12,AU,1670192339
255,nsanje,-16.92,35.262,25.77,69,0,2.33,MW,1670192340
256,cochrane,51.1834,-114.4687,-2.65,54,75,2.06,CA,1670191873
257,jiaojiang,28.6803,121.4428,8.33,90,100,6.7,CN,1670192340
258,saint-pierre,-21.3393,55.4781,22.82,68,20,2.06,RE,1670192341
259,rio bueno,-40.3167,-72.9667,20.08,44,61,3.12,CL,1670192341
260,sefophe,-22.1833,27.9667,25.93,51,19,4.73,BW,1670192342
261,indian head,38.6001,-77.1622,7.36,52,0,1.54,US,1670192342
262,imbituba,-28.24,-48.6703,22.79,98,94,3.53,BR,1670192342
263,thinadhoo,0.5333,72.9333,27.48,73,100,3.7,MV,1670191881
264,berlevag,70.8578,29.0864,-5.03,80,20,5.66,NO,1670192343
265,astoria,46.1879,-123.8313,4.96,75,75,5.14,US,1670192325
266,toowoomba,-27.55,151.9667,19.58,71,1,0.89,AU,1670192344
267,comodoro rivadavia,-45.8667,-67.5,22.92,25,20,7.72,AR,1670192344
268,cuiluan,47.72,128.648,-23.29,98,22,2.12,CN,1670192344
269,sangar,63.9242,127.4739,-31.07,95,100,6.25,RU,1670192345
270,margate,51.3813,1.3862,5.73,84,100,1.79,GB,1670192345
271,kruisfontein,-34.0033,24.7314,15.49,78,69,2.73,ZA,1670192346
272,sandwick,60.0,-1.25,4.9,65,100,1.03,GB,1670192346
273,alpena,45.0617,-83.4327,1.18,58,0,4.12,US,1670192347
274,quatre cocos,-20.2078,57.7625,25.06,80,71,5.63,MU,1670192347
275,mugumu,-1.85,34.7,16.47,70,98,2.05,TZ,1670192348
276,napoleon,41.3923,-84.1252,2.08,39,0,3.59,US,1670192349
277,fortuna,40.5982,-124.1573,12.59,90,40,3.6,US,1670192349
278,maniitsoq,65.4167,-52.9,1.32,62,100,10.61,GL,1670192350
279,aitape,-3.1374,142.3475,26.71,83,95,1.81,PG,1670192350
280,mareeba,-17.0,145.4333,25.4,83,1,0.49,AU,1670192351
281,basco,20.4487,121.9702,26.71,72,100,8.58,PH,1670192351
282,awjilah,29.1081,21.2869,16.54,48,9,4.39,LY,1670192352
283,yuancheng,36.652,107.7896,-3.72,47,6,1.27,CN,1670192352
284,mangla,31.8931,72.3817,14.84,34,0,0.32,PK,1670192353
285,sao filipe,14.8961,-24.4956,22.24,65,90,1.87,CV,1670192353
286,illapel,-31.6308,-71.1653,26.8,39,0,3.22,CL,1670191890
287,coquimbo,-29.9533,-71.3436,16.85,82,40,4.63,CL,1670192354
288,isangel,-19.55,169.2667,31.06,74,100,3.09,VU,1670192354
289,ambilobe,-13.2,49.05,23.15,87,33,1.74,MG,1670192354
290,ulaangom,49.9811,92.0667,-26.25,95,100,1.15,MN,1670192355
291,dunedin,-45.8742,170.5036,12.11,68,98,0.89,NZ,1670192355
292,sembabule,-0.0772,31.4567,16.37,97,79,2.25,UG,1670192356
293,cherskiy,68.75,161.3,-35.15,100,33,1.63,RU,1670192356
294,chernyshevskiy,63.0128,112.4714,-21.72,82,100,6.36,RU,1670192357
295,avera,33.194,-82.5271,16.88,57,100,2.6,US,1670192357
296,ozernovskiy,51.5,156.5167,-7.04,59,100,7.32,RU,1670192358
297,thoen,17.6129,99.2161,21.5,95,99,0.8,TH,1670192358
298,panshi,42.9422,126.0561,-15.47,89,4,1.68,CN,1670192359
299,usogorsk,63.4106,48.6872,-19.82,99,6,1.24,RU,1670192359
300,guerrero negro,27.9769,-114.0611,19.86,78,100,5.3,MX,1670192360
301,sinnamary,5.3833,-52.95,24.64,88,97,2.02,GF,1670192360
302,bac lieu,9.285,105.7244,25.69,87,100,7.34,VN,1670192361
303,loandjili,-4.7561,11.8578,25.05,90,100,2.06,CG,1670192205
304,ilhabela,-23.7781,-45.3581,24.19,90,100,1.64,BR,1670192362
305,narsaq,60.9167,-46.05,-9.88,62,23,3.59,GL,1670192362
306,santa cruz,-17.8,-63.1667,36.03,28,40,3.6,BO,1670192103
307,krasnoarmeysk,51.0239,45.6969,-12.06,88,4,1.34,RU,1670192363
308,chokurdakh,70.6333,147.9167,-39.56,100,43,1.45,RU,1670192363
309,hambantota,6.1241,81.1185,24.48,87,100,2.32,LK,1670192363
310,port macquarie,-31.4333,152.9167,23.27,66,17,2.54,AU,1670192215
311,korampallam,8.7667,78.1,24.64,86,100,5.82,IN,1670192364
312,guderup,54.9898,9.8717,4.84,93,100,7.72,DK,1670192365
313,itupiranga,-5.1347,-49.3267,25.18,95,100,1.54,BR,1670192365
314,develi,38.3906,35.4922,-1.36,69,19,0.46,TR,1670192366
315,pisco,-13.7,-76.2167,21.03,73,0,6.69,PE,1670192366
316,quelimane,-17.8786,36.8883,25.97,89,20,3.6,MZ,1670192367
317,beringovskiy,63.05,179.3167,-10.49,84,100,4.19,RU,1670192367
318,kaitangata,-46.2817,169.8464,11.04,70,100,1.22,NZ,1670192368
319,zaysan,47.4667,84.8667,-12.42,95,100,1.26,KZ,1670192368
320,nador,35.174,-2.9287,13.14,94,20,0.51,MA,1670192369
321,ahipara,-35.1667,173.1667,19.01,60,0,1.48,NZ,1670192369
322,mosquera,4.7059,-74.2302,14.05,82,40,4.12,CO,1670192211
323,almaznyy,48.0448,40.045,-8.82,66,67,6.97,RU,1670192370
324,tchollire,8.4022,14.1698,23.35,26,32,1.15,CM,1670192371
325,yarada,17.65,83.2667,23.76,81,19,3.28,IN,1670192371
326,sorong,-0.8833,131.25,26.14,83,100,2.61,ID,1670192372
327,mar del plata,-38.0023,-57.5575,23.24,68,0,4.47,AR,1670192126
328,morondava,-20.2833,44.2833,26.6,68,92,3.72,MG,1670192373
329,carutapera,-1.195,-46.02,25.89,81,31,4.01,BR,1670192373
330,cordoba,-31.4135,-64.1811,34.68,16,20,4.63,AR,1670192373
331,wajir,1.7471,40.0573,26.75,58,54,4.37,KE,1670192374
332,moundsville,39.9203,-80.7431,2.97,53,0,2.17,US,1670192374
333,rosetta,31.4044,30.4164,18.83,59,57,4.9,EG,1670192375
334,nushki,29.5542,66.0215,10.21,32,0,1.69,PK,1670192375
335,glendive,47.1053,-104.7125,0.27,63,0,7.72,US,1670192173
336,vangaindrano,-23.35,47.6,22.5,93,100,1.89,MG,1670192376
337,north bend,43.4065,-124.2243,11.8,88,100,3.09,US,1670192139
338,guliston,40.4897,68.7842,-2.43,96,100,1.98,UZ,1670192376
339,nabire,-3.3667,135.4833,24.59,88,98,1.75,ID,1670192377
340,nanortalik,60.1432,-45.2371,-3.35,67,94,3.04,GL,1670192377
341,barra velha,-26.6322,-48.6847,25.94,98,100,0.77,BR,1670192378
342,clifton,40.8584,-74.1638,7.05,54,0,4.63,US,1670192378
343,nelson bay,-32.7167,152.15,22.83,71,10,1.34,AU,1670192378
344,hibbing,47.4272,-92.9377,-3.32,32,0,5.66,US,1670192379
345,puro,12.4841,123.3827,24.79,89,100,4.52,PH,1670192400
346,taoudenni,22.6783,-3.9836,26.07,18,30,3.84,ML,1670192401
347,kovur,14.4833,79.9833,24.28,84,8,2.03,IN,1670192401
348,baykit,61.67,96.37,-16.69,94,100,3.15,RU,1670192402
349,aksarka,66.5606,67.7975,-13.91,96,73,2.35,RU,1670192402
350,slave lake,55.2834,-114.769,-5.01,63,100,6.69,CA,1670192249
351,cehegin,38.0924,-1.7985,9.42,81,59,0.52,ES,1670192403
352,port blair,11.6667,92.75,26.7,79,98,5.83,IN,1670192403
353,terney,45.0503,136.6092,-14.73,69,11,4.0,RU,1670192404
354,bathsheba,13.2167,-59.5167,25.58,89,20,2.06,BB,1670192405
355,katherine,-14.4667,132.2667,27.18,61,23,3.6,AU,1670192405
356,lucapa,-8.4192,20.7447,17.96,97,100,0.36,AO,1670192405
357,bela,25.9333,81.9833,14.83,49,73,1.58,IN,1670192406
358,ziway,7.9333,38.7167,17.81,47,39,5.27,ET,1670192406
359,nizhniy tsasuchey,50.5167,115.1333,-20.59,91,10,3.22,RU,1670192407
360,boffa,10.1667,-14.0333,22.5,81,55,1.48,GN,1670192407
361,medvedka,61.1629,46.387,-13.69,93,13,1.54,RU,1670192408
362,tukrah,32.5341,20.5791,18.11,49,87,5.3,LY,1670192408
363,borogontsy,62.6683,131.1683,-31.79,97,100,3.27,RU,1670192409
364,jaisalmer,26.9147,70.9181,17.98,25,0,2.36,IN,1670192409
365,kamenka,51.3223,42.7678,-9.76,68,2,2.57,RU,1670192410
366,angoche,-16.2325,39.9086,26.92,74,73,4.52,MZ,1670192410
367,aksu,41.1231,80.2644,-5.12,30,100,1.35,CN,1670192411
368,nouakchott,18.0858,-15.9785,18.96,69,0,3.84,MR,1670192348
369,kuzino,57.0224,59.4412,-12.61,97,94,1.79,RU,1670192412
370,qaqortoq,60.7167,-46.0333,-9.07,64,31,3.96,GL,1670192412
371,hohhot,40.8106,111.6522,-19.84,71,0,1.0,CN,1670192151
372,grand baie,-20.0182,57.5802,25.26,70,69,0.89,MU,1670192413
373,denpasar,-8.65,115.2167,25.81,88,20,1.54,ID,1670191681
374,manaure,11.7751,-72.4445,26.53,75,60,6.34,CO,1670192413
375,esil,51.9556,66.4042,-14.55,96,100,2.82,KZ,1670192414
376,katsuura,35.1333,140.3,13.05,82,100,8.45,JP,1670192414
377,bonthe,7.5264,-12.505,26.19,81,83,1.8,SL,1670192415
378,bhatkal,13.9667,74.5667,25.97,66,88,2.21,IN,1670192415
379,buala,-8.145,159.5921,27.59,79,100,4.04,SB,1670192416
380,sechura,-5.5569,-80.8222,24.63,57,20,7.27,PE,1670192416
381,platanos,37.6667,21.6167,15.05,83,32,3.23,GR,1670192417
382,paveh,35.0434,46.3565,4.15,68,96,2.59,IR,1670192417
383,shingu,33.7333,135.9833,8.59,65,76,2.07,JP,1670192417
384,muros,42.7762,-9.0603,8.16,91,84,1.95,ES,1670192362
385,susangerd,31.5608,48.1831,18.3,48,99,2.01,IR,1670192418
386,douentza,14.9951,-2.9517,28.18,20,97,2.4,ML,1670192418
387,otjimbingwe,-22.35,16.1333,23.93,21,15,2.21,NA,1670192419
388,neustrelitz,53.3667,13.0833,1.06,83,97,3.58,DE,1670192174
389,marsh harbour,26.5412,-77.0636,23.42,62,19,5.19,BS,1670192420
390,laguna,38.421,-121.4238,16.21,81,100,2.06,US,1670192420
391,kirensk,57.7853,108.1119,-15.69,89,100,8.02,RU,1670192420
392,dzhebariki-khaya,62.2167,135.8,-30.6,99,100,0.88,RU,1670192421
393,fairbanks,64.8378,-147.7164,-8.02,86,0,0.0,US,1670192421
394,khani,41.9563,42.9566,3.76,89,100,2.45,GE,1670192422
395,ilebo,-4.3167,20.5833,20.54,100,100,0.18,CD,1670192422
396,tura,25.5198,90.2201,15.23,85,0,1.73,IN,1670192423
397,durusu,41.3053,28.6767,11.1,80,100,4.23,TR,1670192423
398,lavrentiya,65.5833,-171.0,0.09,98,100,12.78,RU,1670192424
399,quang ngai,15.1167,108.8,23.24,95,99,2.16,VN,1670192425
400,belaya gora,68.5333,146.4167,-36.86,100,100,1.26,RU,1670192425
401,nha trang,12.25,109.1833,24.0,92,99,2.61,VN,1670192426
402,oktyabrskiy,54.4815,53.471,-13.64,92,100,3.22,RU,1670192426
403,mount pleasant,32.7941,-79.8626,17.36,82,0,1.54,US,1670192139
404,esna,25.2934,32.554,18.1,44,99,5.11,EG,1670192427
405,komsomolskiy,40.4272,71.7189,1.4,86,75,1.03,UZ,1670192427
406,mahibadhoo,3.7833,72.9667,26.34,80,100,4.12,MV,1670192428
407,taksimo,56.3444,114.8794,-21.88,89,100,1.57,RU,1670192428
408,kenai,60.5544,-151.2583,-3.25,95,100,3.6,US,1670192409
409,chinhoyi,-17.3667,30.2,23.05,44,11,1.66,ZW,1670192429
410,coruripe,-10.1256,-36.1756,24.02,87,74,5.73,BR,1670192227
411,sabya,17.1495,42.6254,25.79,70,0,0.94,SA,1670192239
412,mangochi,-14.4782,35.2645,25.26,59,74,0.92,MW,1670192430
413,labuhan,-6.8844,112.2051,25.71,85,95,2.09,ID,1670192430
414,montepuez,-13.1256,38.9997,21.51,78,15,2.22,MZ,1670192431
415,tokur,53.1333,132.9,-29.04,99,100,1.69,RU,1670192431
416,krutinka,56.0055,71.5113,-20.5,100,86,1.64,RU,1670192432
417,hirado,33.3597,129.5531,11.88,63,98,8.51,JP,1670192432
418,show low,34.2542,-110.0298,11.16,95,100,5.14,US,1670192384
419,luau,-10.7073,22.2247,16.81,98,100,1.84,AO,1670192433
420,botucatu,-22.8858,-48.445,18.54,98,100,1.32,BR,1670192433
421,male,4.1748,73.5089,25.97,89,75,2.06,MV,1670192433
422,dicabisagan,17.0818,122.4157,24.34,90,95,2.12,PH,1670192434
423,shaunavon,49.6501,-108.4181,-5.12,86,6,7.13,CA,1670192434
424,santa isabel,-23.3156,-46.2214,23.61,92,100,1.64,BR,1670192435
425,vardo,70.3705,31.1107,-3.01,80,100,6.17,NO,1670192435
426,amuntai,-2.4177,115.2494,22.75,96,100,0.73,ID,1670192436
427,nakhon sawan,15.7,100.0833,23.31,87,83,0.99,TH,1670192261
428,gboko,7.3179,8.9951,28.39,27,25,1.03,NG,1670192436
429,padang,-0.9492,100.3543,24.15,87,100,1.66,ID,1670191833
430,ayagoz,47.9714,80.4392,-17.57,100,99,1.99,KZ,1670192437
431,okha,53.5739,142.9478,-20.79,87,65,10.15,RU,1670192437
432,sakakah,29.9697,40.2064,13.76,67,1,3.12,SA,1670192438
433,vanimo,-2.6741,141.3028,26.43,88,99,2.77,PG,1670192438
434,miraflores,19.2167,-98.8083,22.42,32,0,1.27,MX,1670192439
435,east london,-33.0153,27.9116,20.12,88,100,8.16,ZA,1670192439
436,rio grande,-32.035,-52.0986,25.06,87,13,5.61,BR,1670192231
437,hamilton,39.1834,-84.5333,5.25,40,0,3.09,US,1670192440
438,atar,20.5169,-13.0499,21.05,26,0,0.6,MR,1670192440
439,kieta,-6.2167,155.6333,27.23,82,100,1.72,PG,1670192441
440,xinqing,48.2333,129.5,-24.65,99,70,1.94,CN,1670192441
441,buba,11.5833,-15.0,24.63,63,100,2.22,GW,1670192442
442,new ulm,44.3125,-94.4605,1.39,75,0,3.51,US,1670192442
443,severnyy,50.677,36.5532,-10.98,73,0,6.0,RU,1670192442
444,airai,-8.9266,125.4092,15.91,62,99,1.04,TL,1670192443
445,junin,-34.5838,-60.9433,35.5,28,10,3.11,AR,1670192270
446,kloulklubed,7.0419,134.2556,27.28,77,100,7.88,PW,1670192444
447,burnie,-41.0667,145.9167,18.86,63,4,3.39,AU,1670192444
448,novikovo,51.1537,37.8879,-8.39,66,20,4.09,RU,1670192444
449,tiarei,-17.5333,-149.3333,30.01,79,13,7.38,PF,1670192445
450,cocobeach,1.0002,9.5823,26.35,82,60,1.98,GA,1670192445
451,grand-lahou,5.1367,-5.0242,26.33,85,22,3.67,CI,1670192446
452,atasu,48.6814,71.6433,-26.83,100,63,1.77,KZ,1670192446
453,lewistown,40.5992,-77.5714,3.78,81,0,0.0,US,1670192447
454,souillac,-20.5167,57.5167,25.21,78,40,3.6,MU,1670192447
455,tiznit,29.5833,-9.5,16.59,48,86,3.31,MA,1670192448
456,iquique,-20.2208,-70.1431,20.02,70,19,1.64,CL,1670192449
457,aykhal,66.0,111.5,-26.2,97,100,11.82,RU,1670192450
458,ubala,4.7478,-72.5369,27.31,70,93,1.8,CO,1670192450
459,palanpur,24.1667,72.4333,16.11,35,0,2.75,IN,1670192450
460,santa vitoria do palmar,-33.5189,-53.3681,20.98,82,14,4.02,BR,1670192451
461,seeboden,46.8219,13.495,5.85,99,99,0.69,AT,1670192451
462,maningrida,-12.0667,134.2667,28.14,73,64,2.93,AU,1670192452
463,xinmin,41.9908,122.8253,-11.91,68,0,1.73,CN,1670192452
464,disna,55.568,28.1971,-5.86,85,100,4.7,BY,1670192452
465,lyngseidet,69.5763,20.2189,-4.84,79,37,6.89,NO,1670192453
466,forte dei marmi,43.9648,10.1724,12.78,97,66,3.38,IT,1670192453
467,sibolga,1.7427,98.7792,23.68,91,100,0.3,ID,1670192454
468,libenge,3.65,18.6333,23.2,55,69,0.92,CD,1670192454
469,lasa,46.6166,10.7002,5.49,97,88,2.31,IT,1670192455
470,nantucket,41.2835,-70.0995,4.06,63,0,2.57,US,1670192455
471,nevsehir,38.9167,34.6667,-0.44,93,35,1.03,TR,1670192057
472,nara,34.6851,135.8049,9.16,50,96,1.06,JP,1670192407
473,balkhash,46.844,74.9804,-16.05,86,4,2.49,KZ,1670192456
474,rocha,-34.4833,-54.3333,20.67,71,0,3.45,UY,1670192456
475,rio gallegos,-51.6226,-69.2181,18.03,20,20,16.98,AR,1670192213
476,saint-louis,16.3333,-15.0,23.61,38,97,5.53,SN,1670192457
477,phultala,22.7,89.5167,16.69,70,0,2.96,BD,1670192457
478,coihueco,-36.6167,-71.8333,28.41,21,0,4.12,CL,1670192458
479,metlaltoyuca,20.7333,-97.85,25.85,66,14,1.16,MX,1670192458
480,alexandria,31.2156,29.9553,19.45,56,92,4.93,EG,1670192378
481,cockburn town,21.4612,-71.1419,23.98,64,75,5.66,TC,1670192451
482,coari,-4.085,-63.1414,27.14,72,77,0.98,BR,1670192459
483,ahuimanu,21.4447,-157.8378,27.01,70,75,4.12,US,1670192460
484,mezen,65.8522,44.24,-11.76,89,86,3.51,RU,1670192460
485,bowen,-20.0167,148.2333,24.5,65,0,2.09,AU,1670192461
486,chapadinha,-3.7417,-43.3603,27.11,58,65,1.28,BR,1670192461
487,ojinaga,29.5667,-104.4167,25.32,40,0,0.0,MX,1670192461
488,huancavelica,-12.7667,-74.9833,8.51,38,75,0.69,PE,1670192462
489,zbiroh,49.8602,13.7726,4.2,95,100,4.2,CZ,1670192462
490,hami,42.8,93.45,-5.51,46,85,0.99,CN,1670192463
491,la cruz,23.9167,-106.9,26.73,63,68,2.97,MX,1670192463
492,alofi,-19.0595,-169.9187,29.94,70,73,3.6,NU,1670192463
493,villazon,-22.0866,-65.5942,13.13,38,46,9.32,BO,1670192464
494,mokhotlong,-29.2894,29.0675,13.92,38,62,2.38,LS,1670192464
495,jumla,29.2747,82.1838,3.91,35,14,2.53,NP,1670192465
496,tlacotepec,20.0667,-97.8667,18.56,72,10,2.49,MX,1670192465
497,jiwani,25.05,61.7417,24.12,47,0,1.88,PK,1670192466
498,lethem,3.3803,-59.7968,22.77,94,100,1.7,GY,1670192466
499,tiksi,71.6872,128.8694,-21.25,97,100,4.47,RU,1670192467
500,belyy yar,53.6039,91.3903,-25.06,84,20,0.0,RU,1670192467
501,new plymouth,-39.0667,174.0833,19.2,100,72,5.96,NZ,1670192459
502,nicoya,10.1483,-85.452,26.5,78,56,3.22,CR,1670192468
503,petrolina,-9.3986,-40.5008,25.03,73,0,3.09,BR,1670192468
504,sept-iles,50.2001,-66.3821,-5.0,58,20,4.63,CA,1670192462
505,shizunai,42.3339,142.3669,-2.03,62,98,10.9,JP,1670192245
506,cabedelo,-6.9811,-34.8339,26.37,73,31,5.26,BR,1670192406
507,la ronge,55.1001,-105.2842,-8.86,67,100,8.23,CA,1670192470
508,key west,24.5557,-81.7826,29.0,65,0,4.63,US,1670192471
509,magadi,12.9667,77.2333,18.22,92,12,3.71,IN,1670192251
510,constantine,36.365,6.6147,7.67,65,0,2.57,DZ,1670192472
511,asau,46.4333,26.4,-1.49,98,100,1.58,RO,1670192472
512,namatanai,-3.6667,152.4333,27.28,79,100,2.52,PG,1670192473
513,batagay-alyta,67.8006,130.4114,-23.69,99,100,0.74,RU,1670192474
514,shetpe,44.1667,52.1167,-8.77,59,0,2.84,KZ,1670192474
515,kibala,9.1104,18.3463,25.94,24,2,2.53,TD,1670192475
516,sabzevar,36.2126,57.6819,3.92,75,88,3.19,IR,1670192475
517,cidreira,-30.1811,-50.2056,22.55,92,79,1.86,BR,1670192476
518,pinega,64.7001,43.3936,-11.56,91,99,2.9,RU,1670192413
519,curvelo,-18.7564,-44.4308,20.96,87,100,2.87,BR,1670192476
520,ulladulla,-35.35,150.4667,24.58,52,9,2.59,AU,1670192478
521,olkhovatka,50.2831,39.2872,-8.33,59,9,4.57,RU,1670192478
522,fare,-16.7,-151.0167,26.78,69,4,6.82,PF,1670192479
523,puga,21.5833,-104.8167,34.04,38,40,4.12,MX,1670192479
524,mangai,-4.05,19.5333,20.29,99,100,0.66,CD,1670192479
525,sarangani,5.4033,125.4636,27.91,75,100,3.51,PH,1670192480
526,puerto colombia,10.9878,-74.9547,28.05,75,93,6.82,CO,1670192480
527,maldonado,-34.6667,-54.9167,23.66,67,0,4.22,UY,1670192481
528,zapolyarnyy,69.4154,30.8136,-7.4,95,41,4.31,RU,1670192481
529,manicore,-5.8092,-61.3003,27.36,72,61,1.05,BR,1670192482
530,kant,27.8,79.8,14.92,42,1,1.42,IN,1670192482
531,youkounkoun,12.5333,-13.1333,25.03,54,100,0.2,GN,1670192482
532,buraydah,26.326,43.975,18.25,40,84,3.35,SA,1670192483
533,devonport,-41.1667,146.35,18.9,83,24,3.99,AU,1670192483
534,saint-francois,46.4154,3.9054,3.69,93,100,0.51,FR,1670192484
535,vila velha,-20.3297,-40.2925,21.97,97,75,1.03,BR,1670192484
536,masunga,-20.6246,27.4488,23.35,47,26,2.22,BW,1670192485
537,khor,47.8861,134.9464,-19.53,87,19,5.92,RU,1670192485
538,santa maria da boa vista,-8.8078,-39.8256,27.53,55,46,6.43,BR,1670192485
539,mumford,5.2618,-0.759,26.23,87,88,4.25,GH,1670192486
540,yumen,40.2833,97.2,-10.98,85,81,2.65,CN,1670192486
541,rtishchevo,52.2604,43.7874,-11.54,78,4,1.82,RU,1670192487
542,husavik,66.0449,-17.3389,0.29,70,89,4.69,IS,1670192487
543,mandalgovi,45.7625,106.2708,-16.91,50,2,2.52,MN,1670192487
544,agirish,61.9247,63.0231,-13.91,98,97,1.0,RU,1670192488
545,marsa matruh,31.3525,27.2453,17.49,72,12,3.21,EG,1670192489
546,lerik,38.7726,48.4128,-1.6,98,98,1.36,AZ,1670192490
547,olafsvik,64.8945,-23.7142,6.05,74,94,2.71,IS,1670192490
548,teberda,43.4456,41.7448,-1.88,90,37,1.81,RU,1670192490
549,amalner,21.05,75.0667,22.57,56,33,3.2,IN,1670192491
550,nevers,46.9167,3.3333,3.92,96,100,2.1,FR,1670192491
551,flin flon,54.7682,-101.865,-13.09,66,75,6.17,CA,1670192492
552,millinocket,45.6573,-68.7098,-2.94,59,0,3.09,US,1670192492
553,salalah,17.0151,54.0924,24.05,73,40,1.54,OM,1670192493
554,cam ranh,11.9214,109.1591,23.98,100,75,2.57,VN,1670192348
555,egvekinot,66.3167,-179.1667,-2.31,99,100,3.38,RU,1670192493
556,honningsvag,70.9821,25.9704,-2.14,74,20,6.69,NO,1670192494
557,lata,40.1629,-8.3327,13.23,83,88,2.71,PT,1670192494
